Dimension,Standard,Recursive,Strassen
64,0.0016088,0.287584,0.225787
96,0.0060482,2.34883,1.71193
128,0.0171351,2.40322,1.76227
160,0.0297255,21.6079,12.9502
192,0.0593275,21.4682,12.938
224,0.0929938,21.3525,12.846
256,0.141336,21.1555,12.8606
288,0.194332,183.437,91.4114
320,0.28247,173.321,91.6941
352,0.36776,172.008,90.8925
384,0.479708,173.221,91.8804
416,0.590382,173.834,92.9757
448,0.776369,174.151,92.6152
480,0.926876,173.929,92.6536
512,1.14781,173.872,93.0187
