Dimension,Standard,Recursive,Strassen
64,0.0017245,0.281932,0.228494
128,0.0167319,2.42595,1.77901
256,0.125868,19.8921,11.7952
512,1.07408,154.349,82.0209
