Dimension,Standard,Recursive,Strassen
64,0.0015943,0.283869,0.232034
128,0.0131449,2.48982,1.63775
256,0.119718,19.5369,11.906
512,1.07777,158.341,82.0793
