Number of elements,Average Union Execution time,Average Weighted Union Execution time,Average Union-by-Rank Execution time
100,2.006e-05,1.02e-06,6.6e-07
500,0.0003412,4.82e-06,2.84e-06
1000,0.00188804,1.458e-05,8.36e-06
5000,0.0559152,6.11e-05,3.146e-05
10000,0.22785,0.0002389,7.65e-05
25000,1.54265,0.000523,0.00035292
50000,8.74544,0.00103208,0.00069184
100000,39.6363,0.002307,0.00145798
