Number of elements,Average Execution time
100,1.152e-05
500,3.456e-05
1000,7.376e-05
5000,0.00038528
10000,0.00076048
25000,0.0019537
50000,0.0043722
75000,0.00707476
100000,0.0092556
250000,0.025528
