Number of elements,Average Execution time
1000,2.131e-05
5000,0.00010795
10000,0.00020256
50000,0.0011805
100000,0.00258856
250000,0.00702459
500000,0.013954
750000,0.0205759
1000000,0.0279925
