Number of elements,Average Execution time
100,1.32e-05
500,4.594e-05
1000,8.932e-05
5000,0.0004118
10000,0.00091104
25000,0.00253662
50000,0.00571126
75000,0.0099242
100000,0.0130603
250000,0.0305574
