Number of elements,Average Execution time
100,1.628e-05
500,0.00019396
1000,0.00079348
5000,0.0276979
10000,0.114266
25000,0.721872
50000,3.95799
75000,9.56634
100000,17.9985
250000,164.587
