Number of elements,Average Execution time
100,1.056e-05
500,5.176e-05
1000,4.712e-05
5000,0.00023352
10000,0.00043814
25000,0.00124636
50000,0.00256738
75000,0.00411404
100000,0.00598638
250000,0.0150383
