Number of elements,Average Execution time
100,1.308e-05
500,3.978e-05
1000,0.0001271
5000,0.00042764
10000,0.00086956
25000,0.00231492
50000,0.00485144
75000,0.00740344
100000,0.0095458
250000,0.0260152
