Number of elements,Average Execution time
100,1.342e-05
500,4.812e-05
1000,0.0001045
5000,0.0004166
10000,0.00088124
25000,0.00219558
50000,0.00496044
75000,0.00880968
100000,0.0138156
250000,0.0290783
