Number of elements,Average Execution time
100,2.214e-05
500,5.368e-05
1000,8.832e-05
5000,0.0004315
10000,0.00089668
25000,0.00255782
50000,0.00476924
75000,0.0077129
100000,0.00999746
250000,0.026069
