Number of elements,Average Execution time
100,1.388e-05
500,5.03e-05
1000,9.59e-05
5000,0.00044514
10000,0.0010137
25000,0.0023359
50000,0.00519574
75000,0.00876332
100000,0.0118733
250000,0.029761
