Number of elements,Number of operations,Execution time,Consistency Check
1000,1000,4.1e-06,Consistent
1000,5000,0.0002136,Consistent
1000,10000,0.0004032,Consistent
1000,50000,0.0019478,Consistent
1000,100000,0.0039187,Consistent
1000,500000,0.0202084,Consistent
1000,1000000,0.0438613,Consistent
