Number of elements,Number of operations,Execution time,Consistency Check
1000,1000,4.2e-06,Consistent
1000,5000,0.0002322,Consistent
1000,10000,0.0005086,Consistent
1000,25000,0.0012305,Consistent
1000,50000,0.0022154,Consistent
1000,100000,0.0056431,Consistent
1000,250000,0.0124661,Consistent
1000,500000,0.0275486,Consistent
1000,1000000,0.0577377,Consistent
