Number of elements,Average Execution time
100,1.162e-05
500,3.57e-05
1000,7.284e-05
5000,0.00036646
10000,0.00072654
25000,0.00203156
50000,0.00429182
75000,0.00676992
100000,0.00986706
250000,0.0237082
