Number of elements,Average Execution time
100,1.352e-05
500,4.476e-05
1000,8.18e-05
5000,0.0004063
10000,0.0007702
25000,0.00210654
50000,0.00461024
75000,0.00680052
100000,0.00959114
250000,0.0244264
